source,half_life_days
msnbc,1.783353387265796e+34
abc,2.534985051072655e+34
fox,4.914236206488675e+34
